horse,GENY,preview
Sky Power,1531628-1364236,"Sky Power returns to the 1600m hybrid track, hoping to recapture the form shown earlier this year with back-to-back wins on different terrain. Recent finishes have been challenging, but with a capable jockey, there's potential for a surprise performance. Keep an eye on this one for a possible comeback."
Pandia Selene,1531628-1560478,"
Pandia Selene returns to her favored 1600m hybrid track, where she previously clinched victory and secured a third-place finish earlier this year. Despite recent struggles over longer distances, with a capable jockey onboard, she's poised to capitalize on her preferred distance once again. Keep an eye on her today!"
Zvaroshka,1531628-1570962,"Keep an eye on Zvaroshka in the upcoming 1600m hybrid track event. Despite a modest win probability, Zvaroshka boasts two recent runner-up finishes on similar tracks. Partnered with a skilled jockey who consistently places well, this horse could certainly challenge for a top spot."
Quartz du Houley,1531628-1572946,"Quartz du Houley faces another 1600m challenge on a hybrid track, a terrain that has been tricky in recent outings. Despite consistent efforts, the last few races have not favored this horse. With the experienced jockey leading, there is always room for a surprising performance. Let's see if today brings better luck."
Alva,1531628-1559222,"Alva looks promising for the 1600m race on a hybrid track. With a recent third-place finish over 1500m on similar terrain and a skilled jockey with a solid top 3 finish rate, there's potential for a strong showing. Keep an eye on Alva to possibly outperform his odds."
Marzouk,1531628-1560778,"
Marzouk returns to the 1600m hybrid track with some mixed recent performances. Notably, Marzouk clinched a win in March but has since placed outside the top five consistently. With a solid jockey and prior success at this distance, Marzouk might surprise if conditions favor him."
Camelot Song,1531628-1561155,"Camelot Song faces a 1600m hybrid track challenge next. Although recent outings have seen mixed results, with a notable 7th place last time out, the partnership with a capable jockey offers potential. Watch for strategic moves that might surprise bettors."
Terredeguerre,1531628-1559923,"Terredeguerre has shown consistent form on hybrid tracks, with positions close to the top in recent races. The shift back to 1600m could play to their advantage. With an experienced jockey on board known for frequent top finishes, Terredeguerre could surprise in the upcoming race."
Lamento,1531628-1433904,"Lamento faces a 1600m challenge on a hybrid track, coming off a recent 6th place finish over 2000m. While recent outings have varied, a standout 3rd in April hints at potential. With a capable jockey who frequently secures top finishes, Lamento may seek to defy the odds."
Famoso,1531628-1551865,"
Famoso is stepping back into familiar territory with a 1600m race on a hybrid track. While recent outings have seen a dip in form, this horse has shown winning potential in the past. With a capable jockey on board, Famoso could surprise us this time around."
Jahidin,1531628-1559516,"Keep an eye on Jahidin in the upcoming 1600m hybrid track race. With a recent third-place finish over 2100m on a hybrid track, Jahidin shows potential, despite mixed results. The experienced jockey will be aiming to improve on past performances in this highly competitive event."
Murciano,1531628-1559698,"Murciano is set to take on the 1600m hybrid track again. Despite recent middling performances, consistently finishing around 7th or 9th, the adept jockey could potentially navigate a stronger finish. While odds reflect a challenging race, a surprise may be on the cards with a little luck."
Iken,1531628-1515702,"Iken is heading into the 1600m race on familiar hybrid terrain, boasting solid past performances, including a recent third-place finish and a win last month. With the jockey's strong top-3 finish rate, Iken looks poised for another impressive showing. Keep an eye on this contender."
True Tedesco,1531628-1522211,"True Tedesco faces a 1600m race on a hybrid track, where past performance has included a strong third place. While recent races haven't been favorable, the upcoming event sees him reunited with a jockey boasting a stellar top 3 finish rate. Keep an eye on this pair for an improved showing."
Hartwood Man,1531628-1552153,"Hartwood Man returns to familiar territory on the 1600m hybrid track after a commendable 3rd place finish just last month. Consistency has been elusive, but with a top-tier jockey guiding him, thereâ€™s room for an intriguing run. A dark horse to keep an eye on!"
Bo Lywood,1531628-1578187,"Bo Lywood returns to the hybrid track for a 1600m race. After a disappointing 14th place recently, the horse seeks redemption with a capable jockey boasting a top 3 finish rate. Previously snagging two wins on hybrid and fibrous sand tracks, Bo Lywood is one to watch for potential resurgence."